[{"model": "admin.logentry", "pk": 1, "fields": {"action_time": "2021-06-26T07:20:34.815Z", "user": 1, "content_type": 7, "object_id": "1", "object_repr": "Pizza", "action_flag": 1, "change_message": "[{\"added\": {}}]"}}, {"model": "admin.logentry", "pk": 2, "fields": {"action_time": "2021-06-26T07:20:46.002Z", "user": 1, "content_type": 7, "object_id": "2", "object_repr": "Pasta", "action_flag": 1, "change_message": "[{\"added\": {}}]"}}, {"model": "admin.logentry", "pk": 3, "fields": {"action_time": "2021-06-26T07:20:52.871Z", "user": 1, "content_type": 7, "object_id": "3", "object_repr": "Beverages", "action_flag": 1, "change_message": "[{\"added\": {}}]"}}, {"model": "admin.logentry", "pk": 4, "fields": {"action_time": "2021-06-26T07:21:01.339Z", "user": 1, "content_type": 7, "object_id": "4", "object_repr": "Sides", "action_flag": 1, "change_message": "[{\"added\": {}}]"}}, {"model": "admin.logentry", "pk": 5, "fields": {"action_time": "2021-06-26T07:39:09.686Z", "user": 1, "content_type": 8, "object_id": "1", "object_repr": "Admin_User", "action_flag": 2, "change_message": "[{\"changed\": {\"fields\": [\"Name\", \"Phone\"]}}]"}}, {"model": "admin.logentry", "pk": 6, "fields": {"action_time": "2021-06-26T07:41:56.518Z", "user": 1, "content_type": 11, "object_id": "1", "object_repr": "Pizza Margherita", "action_flag": 1, "change_message": "[{\"added\": {}}]"}}, {"model": "admin.logentry", "pk": 7, "fields": {"action_time": "2021-06-26T07:42:25.036Z", "user": 1, "content_type": 11, "object_id": "2", "object_repr": "Prosciutto Funghi Pizza", "action_flag": 1, "change_message": "[{\"added\": {}}]"}}, {"model": "admin.logentry", "pk": 8, "fields": {"action_time": "2021-06-26T07:44:13.822Z", "user": 1, "content_type": 11, "object_id": "3", "object_repr": "Bacon Caramelized Pizza", "action_flag": 1, "change_message": "[{\"added\": {}}]"}}, {"model": "admin.logentry", "pk": 9, "fields": {"action_time": "2021-06-26T07:44:37.960Z", "user": 1, "content_type": 11, "object_id": "4", "object_repr": "Quattro Formaggi Pizza", "action_flag": 1, "change_message": "[{\"added\": {}}]"}}, {"model": "admin.logentry", "pk": 10, "fields": {"action_time": "2021-06-26T07:49:01.016Z", "user": 1, "content_type": 11, "object_id": "5", "object_repr": "Sisig Pizza", "action_flag": 1, "change_message": "[{\"added\": {}}]"}}, {"model": "admin.logentry", "pk": 11, "fields": {"action_time": "2021-06-26T07:50:36.355Z", "user": 1, "content_type": 11, "object_id": "6", "object_repr": "Quattro Carne Pizza", "action_flag": 1, "change_message": "[{\"added\": {}}]"}}, {"model": "admin.logentry", "pk": 12, "fields": {"action_time": "2021-06-26T07:51:28.551Z", "user": 1, "content_type": 11, "object_id": "7", "object_repr": "Frutti di Mare Pizza", "action_flag": 1, "change_message": "[{\"added\": {}}]"}}, {"model": "admin.logentry", "pk": 13, "fields": {"action_time": "2021-06-26T07:52:09.001Z", "user": 1, "content_type": 11, "object_id": "8", "object_repr": "Chicken Pesto Pizza", "action_flag": 1, "change_message": "[{\"added\": {}}]"}}, {"model": "admin.logentry", "pk": 14, "fields": {"action_time": "2021-06-26T07:52:33.319Z", "user": 1, "content_type": 11, "object_id": "9", "object_repr": "Classic Italian Spaghetti", "action_flag": 1, "change_message": "[{\"added\": {}}]"}}, {"model": "admin.logentry", "pk": 15, "fields": {"action_time": "2021-06-26T07:53:18.903Z", "user": 1, "content_type": 11, "object_id": "10", "object_repr": "Classic Italian Carbonara", "action_flag": 1, "change_message": "[{\"added\": {}}]"}}, {"model": "admin.logentry", "pk": 16, "fields": {"action_time": "2021-06-26T07:54:03.253Z", "user": 1, "content_type": 11, "object_id": "11", "object_repr": "Italian Sardine Pasta", "action_flag": 1, "change_message": "[{\"added\": {}}]"}}, {"model": "admin.logentry", "pk": 17, "fields": {"action_time": "2021-06-26T07:55:06.390Z", "user": 1, "content_type": 11, "object_id": "12", "object_repr": "Aglio Olio", "action_flag": 1, "change_message": "[{\"added\": {}}]"}}, {"model": "admin.logentry", "pk": 18, "fields": {"action_time": "2021-06-26T07:55:26.237Z", "user": 1, "content_type": 11, "object_id": "13", "object_repr": "Creamy Pesto & Prosciutto", "action_flag": 1, "change_message": "[{\"added\": {}}]"}}, {"model": "admin.logentry", "pk": 19, "fields": {"action_time": "2021-06-26T07:55:58.636Z", "user": 1, "content_type": 11, "object_id": "14", "object_repr": "Lasagna Bolognese", "action_flag": 1, "change_message": "[{\"added\": {}}]"}}, {"model": "admin.logentry", "pk": 20, "fields": {"action_time": "2021-06-26T07:56:42.555Z", "user": 1, "content_type": 11, "object_id": "15", "object_repr": "Spaghetti Frutti di Mare", "action_flag": 1, "change_message": "[{\"added\": {}}]"}}, {"model": "admin.logentry", "pk": 21, "fields": {"action_time": "2021-06-26T07:57:24.879Z", "user": 1, "content_type": 11, "object_id": "16", "object_repr": "Mango Fruity Shake", "action_flag": 1, "change_message": "[{\"added\": {}}]"}}, {"model": "admin.logentry", "pk": 22, "fields": {"action_time": "2021-06-26T07:57:58.266Z", "user": 1, "content_type": 11, "object_id": "17", "object_repr": "Strawberry Fruity Shake", "action_flag": 1, "change_message": "[{\"added\": {}}]"}}, {"model": "admin.logentry", "pk": 23, "fields": {"action_time": "2021-06-26T07:58:35.153Z", "user": 1, "content_type": 11, "object_id": "18", "object_repr": "Banana Fruity Shake", "action_flag": 1, "change_message": "[{\"added\": {}}]"}}, {"model": "admin.logentry", "pk": 24, "fields": {"action_time": "2021-06-26T07:59:16.055Z", "user": 1, "content_type": 11, "object_id": "19", "object_repr": "Coke 330 mL Can", "action_flag": 1, "change_message": "[{\"added\": {}}]"}}, {"model": "admin.logentry", "pk": 25, "fields": {"action_time": "2021-06-26T08:00:19.891Z", "user": 1, "content_type": 11, "object_id": "20", "object_repr": "Pepsi 330 mL Can", "action_flag": 1, "change_message": "[{\"added\": {}}]"}}, {"model": "admin.logentry", "pk": 26, "fields": {"action_time": "2021-06-26T08:00:55.636Z", "user": 1, "content_type": 11, "object_id": "21", "object_repr": "Mountain Dew 330 mL Can", "action_flag": 1, "change_message": "[{\"added\": {}}]"}}, {"model": "admin.logentry", "pk": 27, "fields": {"action_time": "2021-06-26T08:01:19.206Z", "user": 1, "content_type": 11, "object_id": "22", "object_repr": "Sprite 330 mL Can", "action_flag": 1, "change_message": "[{\"added\": {}}]"}}, {"model": "admin.logentry", "pk": 28, "fields": {"action_time": "2021-06-26T08:01:52.211Z", "user": 1, "content_type": 11, "object_id": "23", "object_repr": "Caesar Salad", "action_flag": 1, "change_message": "[{\"added\": {}}]"}}, {"model": "admin.logentry", "pk": 29, "fields": {"action_time": "2021-06-26T08:03:20.617Z", "user": 1, "content_type": 11, "object_id": "24", "object_repr": "Caprese Salad", "action_flag": 1, "change_message": "[{\"added\": {}}]"}}, {"model": "admin.logentry", "pk": 30, "fields": {"action_time": "2021-06-26T08:03:47.076Z", "user": 1, "content_type": 11, "object_id": "25", "object_repr": "Arugula Salad", "action_flag": 1, "change_message": "[{\"added\": {}}]"}}, {"model": "admin.logentry", "pk": 31, "fields": {"action_time": "2021-06-26T08:04:05.416Z", "user": 1, "content_type": 11, "object_id": "26", "object_repr": "Garlic Bread", "action_flag": 1, "change_message": "[{\"added\": {}}]"}}, {"model": "admin.logentry", "pk": 32, "fields": {"action_time": "2021-06-26T08:04:27.157Z", "user": 1, "content_type": 11, "object_id": "27", "object_repr": "Bruschetta", "action_flag": 1, "change_message": "[{\"added\": {}}]"}}, {"model": "admin.logentry", "pk": 33, "fields": {"action_time": "2021-06-26T08:04:51.441Z", "user": 1, "content_type": 11, "object_id": "28", "object_repr": "Tiramisu", "action_flag": 1, "change_message": "[{\"added\": {}}]"}}, {"model": "admin.logentry", "pk": 34, "fields": {"action_time": "2021-06-26T08:05:18.762Z", "user": 1, "content_type": 11, "object_id": "29", "object_repr": "Panna Cotta", "action_flag": 1, "change_message": "[{\"added\": {}}]"}}, {"model": "admin.logentry", "pk": 35, "fields": {"action_time": "2021-06-26T08:05:39.257Z", "user": 1, "content_type": 11, "object_id": "30", "object_repr": "Affogato", "action_flag": 1, "change_message": "[{\"added\": {}}]"}}, {"model": "admin.logentry", "pk": 36, "fields": {"action_time": "2021-06-26T08:06:57.527Z", "user": 1, "content_type": 11, "object_id": "26", "object_repr": "Garlic Bread", "action_flag": 2, "change_message": "[{\"changed\": {\"fields\": [\"Price\"]}}]"}}, {"model": "admin.logentry", "pk": 37, "fields": {"action_time": "2021-06-26T08:07:04.590Z", "user": 1, "content_type": 11, "object_id": "28", "object_repr": "Tiramisu", "action_flag": 2, "change_message": "[{\"changed\": {\"fields\": [\"Price\"]}}]"}}, {"model": "admin.logentry", "pk": 38, "fields": {"action_time": "2021-06-26T08:07:11.850Z", "user": 1, "content_type": 11, "object_id": "27", "object_repr": "Bruschetta", "action_flag": 2, "change_message": "[{\"changed\": {\"fields\": [\"Price\"]}}]"}}, {"model": "admin.logentry", "pk": 39, "fields": {"action_time": "2021-06-26T08:07:45.280Z", "user": 1, "content_type": 11, "object_id": "30", "object_repr": "Affogato", "action_flag": 2, "change_message": "[{\"changed\": {\"fields\": [\"Price\"]}}]"}}, {"model": "admin.logentry", "pk": 40, "fields": {"action_time": "2021-06-26T08:09:51.929Z", "user": 1, "content_type": 11, "object_id": "3", "object_repr": "Bacon Caramelized Pizza", "action_flag": 2, "change_message": "[{\"changed\": {\"fields\": [\"Image\"]}}]"}}, {"model": "admin.logentry", "pk": 41, "fields": {"action_time": "2021-07-03T17:35:07.449Z", "user": 1, "content_type": 4, "object_id": "1", "object_repr": "bscsECOMM", "action_flag": 2, "change_message": "[]"}}, {"model": "admin.logentry", "pk": 42, "fields": {"action_time": "2021-07-03T17:38:22.621Z", "user": 1, "content_type": 4, "object_id": "2", "object_repr": "ladsphBSCS", "action_flag": 3, "change_message": ""}}, {"model": "auth.user", "pk": 1, "fields": {"password": "pbkdf2_sha256$260000$84SELNoCDwu33j4Zqibvk3$hCSUpP6DCCQZFvACxKK490gBUg8HZN3++Aj14kbekes=", "last_login": "2021-07-03T17:34:47Z", "is_superuser": true, "username": "bscsECOMM", "first_name": "", "last_name": "", "email": "lartedesapori.PH@gmail.com", "is_staff": true, "is_active": true, "date_joined": "2021-06-26T07:17:16Z", "groups": [], "user_permissions": []}}, {"model": "sessions.session", "pk": "g5n8hxgf27od7ijj0f7ree6da9tbobhm", "fields": {"session_data": ".eJxVjDsOwjAQBe_iGlmxiX-U9DmDtV7v4gCypTipEHeHSCmgfTPzXiLCtpa4dVrinMVFKHH63RLgg-oO8h3qrUlsdV3mJHdFHrTLqWV6Xg_376BAL98aU2YNbDVosmc9ajZqQHSaGQwH5xUZ7wmJnGJnVQIbwug4JHZgcRDvDwWaOKg:1lzjXT:tq4httIRjiwNvFU-g8pVK9WxwBaJTB0_Ell84Bt9E8k", "expire_date": "2021-07-17T17:34:47.876Z"}}, {"model": "sessions.session", "pk": "lmeh0i84m5wwm97hj5gmq7wjvnczcc3i", "fields": {"session_data": ".eJxVjDsOwjAQBe_iGlmxiX-U9DmDtV7v4gCypTipEHeHSCmgfTPzXiLCtpa4dVrinMVFKHH63RLgg-oO8h3qrUlsdV3mJHdFHrTLqWV6Xg_376BAL98aU2YNbDVosmc9ajZqQHSaGQwH5xUZ7wmJnGJnVQIbwug4JHZgcRDvDwWaOKg:1lx2th:MrFMuOmo_8bwICH6D-Oq3Hii2OeS4HuFXU0g8zvj49c", "expire_date": "2021-07-10T07:38:37.661Z"}}, {"model": "sessions.session", "pk": "qdirdws40u7j9mtdhtp78gueji13ugj0", "fields": {"session_data": ".eJxVjDsOwjAQBe_iGlmxiX-U9DmDtV7v4gCypTipEHeHSCmgfTPzXiLCtpa4dVrinMVFKHH63RLgg-oO8h3qrUlsdV3mJHdFHrTLqWV6Xg_376BAL98aU2YNbDVosmc9ajZqQHSaGQwH5xUZ7wmJnGJnVQIbwug4JHZgcRDvDwWaOKg:1lx2aW:tuIz0q_cmEU9yDPRir9wToYCmwEETo0_Hje4_Gb0QcY", "expire_date": "2021-07-10T07:18:48.299Z"}}, {"model": "store.customer", "pk": 1, "fields": {"user": 1, "name": "Admin_User", "phone": "09152527368"}}, {"model": "store.category", "pk": 1, "fields": {"name": "Pizza", "slug": "pizza"}}, {"model": "store.category", "pk": 2, "fields": {"name": "Pasta", "slug": "pasta"}}, {"model": "store.category", "pk": 3, "fields": {"name": "Beverages", "slug": "beverages"}}, {"model": "store.category", "pk": 4, "fields": {"name": "Sides", "slug": "sides"}}, {"model": "store.product", "pk": 1, "fields": {"category": 1, "name": "Pizza Margherita", "description": "Lorem Ipsum", "image": "pizza-margherita-1.jpg", "slug": "pizza-margherita", "price": "340.00", "in_stock": true}}, {"model": "store.product", "pk": 2, "fields": {"category": 1, "name": "Prosciutto Funghi Pizza", "description": "", "image": "pizza-prosciutto-funghii.jpg", "slug": "prosciutto-funghi-pizza", "price": "410.00", "in_stock": true}}, {"model": "store.product", "pk": 3, "fields": {"category": 1, "name": "Bacon Caramelized Pizza", "description": "", "image": "pizza-caramelized-bacon-1.jpg", "slug": "bacon-caramelized-pizza", "price": "400.00", "in_stock": true}}, {"model": "store.product", "pk": 4, "fields": {"category": 1, "name": "Quattro Formaggi Pizza", "description": "", "image": "pizza-quattro-formaggi-2.jpg", "slug": "quattro-formaggi-pizza", "price": "430.00", "in_stock": true}}, {"model": "store.product", "pk": 5, "fields": {"category": 1, "name": "Sisig Pizza", "description": "", "image": "sisig-pizza.jpg", "slug": "sisig-pizza", "price": "525.00", "in_stock": true}}, {"model": "store.product", "pk": 6, "fields": {"category": 1, "name": "Quattro Carne Pizza", "description": "", "image": "pizza-quattro-carne-1.jpg", "slug": "quattro-carne-pizza", "price": "460.00", "in_stock": true}}, {"model": "store.product", "pk": 7, "fields": {"category": 1, "name": "Frutti di Mare Pizza", "description": "", "image": "pizza-ai-frutti-di-mare.jpg", "slug": "frutti-di-mare-pizza", "price": "545.00", "in_stock": true}}, {"model": "store.product", "pk": 8, "fields": {"category": 1, "name": "Chicken Pesto Pizza", "description": "", "image": "pesto-chicken-pizza.jpg", "slug": "chicken-pesto-pizza", "price": "400.00", "in_stock": true}}, {"model": "store.product", "pk": 9, "fields": {"category": 2, "name": "Classic Italian Spaghetti", "description": "", "image": "classic-italian-spaghetti.jpg", "slug": "classic-italian-spaghetti", "price": "360.00", "in_stock": true}}, {"model": "store.product", "pk": 10, "fields": {"category": 2, "name": "Classic Italian Carbonara", "description": "", "image": "classic-italian-carbonara.jpg", "slug": "classic-italian-carbonara", "price": "335.00", "in_stock": true}}, {"model": "store.product", "pk": 11, "fields": {"category": 2, "name": "Italian Sardine Pasta", "description": "", "image": "Italian-Sardine-Pasta.jpg", "slug": "italian-sardine-pasta", "price": "325.00", "in_stock": true}}, {"model": "store.product", "pk": 12, "fields": {"category": 2, "name": "Aglio Olio", "description": "", "image": "aglio-olio.jpg", "slug": "aglio-olio", "price": "260.00", "in_stock": true}}, {"model": "store.product", "pk": 13, "fields": {"category": 2, "name": "Creamy Pesto & Prosciutto", "description": "", "image": "creamy-pesto-prosciutto-1.jpg", "slug": "creamy-pesto-prosciutto", "price": "360.00", "in_stock": true}}, {"model": "store.product", "pk": 14, "fields": {"category": 2, "name": "Lasagna Bolognese", "description": "", "image": "lasagna-bolognese-2.jpg", "slug": "lasagna-bolognese", "price": "365.00", "in_stock": true}}, {"model": "store.product", "pk": 15, "fields": {"category": 2, "name": "Spaghetti Frutti di Mare", "description": "", "image": "spaghetti-frutti-di-mare.jpg", "slug": "spaghetti-frutti-di-mare", "price": "420.00", "in_stock": true}}, {"model": "store.product", "pk": 16, "fields": {"category": 3, "name": "Mango Fruity Shake", "description": "", "image": "mango-shake.jpg", "slug": "mango-fruity-shake", "price": "110.00", "in_stock": true}}, {"model": "store.product", "pk": 17, "fields": {"category": 3, "name": "Strawberry Fruity Shake", "description": "", "image": "strawberry-shake.jpg", "slug": "strawberry-fruity-shake", "price": "110.00", "in_stock": true}}, {"model": "store.product", "pk": 18, "fields": {"category": 3, "name": "Banana Fruity Shake", "description": "", "image": "banana-shake-1.jpg", "slug": "banana-fruity-shake", "price": "110.00", "in_stock": true}}, {"model": "store.product", "pk": 19, "fields": {"category": 3, "name": "Coke 330 mL Can", "description": "", "image": "coke-can-final.png", "slug": "coke-330-ml-can", "price": "50.00", "in_stock": true}}, {"model": "store.product", "pk": 20, "fields": {"category": 3, "name": "Pepsi 330 mL Can", "description": "", "image": "pepsi-can-final.png", "slug": "pepsi-330-ml-can", "price": "50.00", "in_stock": true}}, {"model": "store.product", "pk": 21, "fields": {"category": 3, "name": "Mountain Dew 330 mL Can", "description": "", "image": "sprite-can-final.png", "slug": "mountain-dew-330-ml-can", "price": "50.00", "in_stock": true}}, {"model": "store.product", "pk": 22, "fields": {"category": 3, "name": "Sprite 330 mL Can", "description": "", "image": "sprite-can-final_11cynAn.png", "slug": "sprite-330-ml-can", "price": "50.00", "in_stock": true}}, {"model": "store.product", "pk": 23, "fields": {"category": 4, "name": "Caesar Salad", "description": "", "image": "Ceasar-Salad.jpg", "slug": "caesar-salad", "price": "345.00", "in_stock": true}}, {"model": "store.product", "pk": 24, "fields": {"category": 4, "name": "Caprese Salad", "description": "", "image": "Caprese-Salad.jpg", "slug": "caprese-salad", "price": "380.00", "in_stock": true}}, {"model": "store.product", "pk": 25, "fields": {"category": 4, "name": "Arugula Salad", "description": "", "image": "Arugula-Salad.jpg", "slug": "arugula-salad", "price": "340.00", "in_stock": true}}, {"model": "store.product", "pk": 26, "fields": {"category": 4, "name": "Garlic Bread", "description": "", "image": "garlic-bread.jpg", "slug": "garlic-bread", "price": "100.00", "in_stock": true}}, {"model": "store.product", "pk": 27, "fields": {"category": 4, "name": "Bruschetta", "description": "", "image": "Bruschetta.jpg", "slug": "bruschetta", "price": "210.00", "in_stock": true}}, {"model": "store.product", "pk": 28, "fields": {"category": 4, "name": "Tiramisu", "description": "", "image": "tiramisu-1.jpg", "slug": "tiramisu", "price": "250.00", "in_stock": true}}, {"model": "store.product", "pk": 29, "fields": {"category": 4, "name": "Panna Cotta", "description": "", "image": "panna-cotta.jpg", "slug": "panna-cotta", "price": "315.00", "in_stock": true}}, {"model": "store.product", "pk": 30, "fields": {"category": 4, "name": "Affogato", "description": "", "image": "affogato.jpg", "slug": "affogato", "price": "220.00", "in_stock": true}}, {"model": "store.order", "pk": 1, "fields": {"customer": 1, "date_ordered": "2021-06-26T08:05:51.166Z", "complete": true, "transaction_id": "1625335788.913727"}}, {"model": "store.order", "pk": 2, "fields": {"customer": 1, "date_ordered": "2021-07-03T18:09:49.163Z", "complete": false, "transaction_id": null}}, {"model": "store.orderitem", "pk": 1, "fields": {"product": 1, "order": 1, "quantity": 1, "date_added": "2021-07-03T18:06:40.082Z"}}, {"model": "store.shippingaddress", "pk": 1, "fields": {"customer": 1, "order": 1, "housenum": "b1a", "brgy": "333", "city": "manila", "zipcode": "1420", "shipping_date": "2021-07-03T18:09:49.001Z", "transaction_id": "1625335788.913727"}}]